podcast,last_hash,last_updated
Philosophize This!,836bf37e19a6c2bae2ca8eb8746f0615,
The Dialogue Journal,c0bd205c5b6ce115290f33e7c50b984c,
Global News Podcast,2b0e4dda1149f137b5741a8849b7eab9,
Lingthusiasm - A podcast that's enthusiastic about linguistics,e58c4ece7ed88e8a9b87f0225947331d,
Všesvet podcast,bb8115213ab50dc608a5792e52e5dbac,
"Practical AI: Machine Learning, Data Science",4dca954ae485afdef2df93f651a8fef4,
Philosophy Bites,a981eb28dbe353d6dc65572423db8136,
The Take,ccadbbe66d08b04bbde061f8a3a86b50,
Hermitix,54e7e7b6b657c1e1b247a006ae527785,
"Sean Carroll's Mindscape: Science, Society, Philosophy, Culture, Arts, and Ideas",e27e26e77e1e7d4c0fbbd04ee41a447d,
Freakonomics Radio,8eabd8ef18cbba3999bcc75783aef297,
The Ear Training Podcast,22182d93c89f0e432a103cdc957f7ac0,
Žižek And So On,2899aa89b4d9af59efb8a42f6e7eaf48,
The NPR Politics Podcast,6483032dd79b1e4ce8b98ec7c991d07b,
FiveThirtyEight Politics,3a42d7d66952827ca7284e963ea71eea,
Lex Fridman Podcast,7e99408d3fc12d8211926a4886be93bc,
Pod Save the World,8d42cb7f7d4be321903a67c5d796c203,
